{
  "index.html": 1704801412854,
  "ext/controller/List_Controller.controller.js": 1695286444546,
  "test/integration/pages/Source_EventsList.js": 1693811245000,
  "test/integration/pages/QuestionaireObjectPage.js": 1693811245000,
  "test/integration/opaTests.qunit.js": 1693811245000,
  "test/integration/FirstJourney.js": 1693811245000,
  "ext/fragment/Source_events.controller.js": 1695190550871,
  "ext/fragment/Pdfdownloadfrag.js": 1704453096098,
  "ext/fragment/CustomView.controller.js": 1695201760511,
  "ext/controller/Uploadpdf.js": 1704448207877,
  "ext/controller/TestButton.js": 1695268749643,
  "ext/controller/ObjPage.controller.js": 1704814174998,
  "test/integration/pages/Source_EventsObjectPage.js": 1693811245000,
  "ext/controller/ListController.controller.js": 1694666872897,
  "ext/controller/Generatepdf.js": 1704884592892,
  "ext/controller/GenPDF.js": 1697705105725,
  "ext/controller/Draftattachment.js": 1704529833406,
  "ext/controller/AddQuestion.js": 1704783066604,
  "ext/controller/AddDetails.js": 1704783069308,
  "test/testsuite.qunit.js": 1693811245000,
  "xs-app.json": 1697705596721,
  "manifest.json": 1704869915621,
  "Component.js": 1694664114179,
  "ext/controller/TestButton-dbg.js": 1695268749643,
  "ext/controller/TestButton.js.map": 1704884873789,
  "test/integration/pages/Source_EventsList-dbg.js": 1693811245000,
  "test/integration/pages/Source_EventsList.js.map": 1704884873781,
  "test/integration/pages/QuestionaireObjectPage-dbg.js": 1693811245000,
  "test/integration/pages/QuestionaireObjectPage.js.map": 1704884873789,
  "test/integration/opaTests.qunit-dbg.js": 1693811245000,
  "test/integration/opaTests.qunit.js.map": 1704884873781,
  "test/integration/FirstJourney-dbg.js": 1693811245000,
  "test/integration/FirstJourney.js.map": 1704884873797,
  "ext/fragment/Source_events-dbg.controller.js": 1695190550871,
  "ext/fragment/Source_events.controller.js.map": 1704884873789,
  "ext/fragment/Pdfdownloadfrag-dbg.js": 1704453096098,
  "ext/fragment/Pdfdownloadfrag.js.map": 1704884873797,
  "ext/fragment/CustomView-dbg.controller.js": 1695201760511,
  "ext/fragment/CustomView.controller.js.map": 1704884873800,
  "ext/controller/Uploadpdf-dbg.js": 1704448207877,
  "ext/controller/Uploadpdf.js.map": 1704884873797,
  "ext/controller/List_Controller-dbg.controller.js": 1695286444546,
  "ext/controller/List_Controller.controller.js.map": 1704884873812,
  "ext/controller/ObjPage-dbg.controller.js": 1704814174998,
  "ext/controller/ObjPage.controller.js.map": 1704884874009,
  "test/integration/pages/Source_EventsObjectPage-dbg.js": 1693811245000,
  "test/integration/pages/Source_EventsObjectPage.js.map": 1704884873803,
  "ext/controller/ListController-dbg.controller.js": 1694666872897,
  "ext/controller/ListController.controller.js.map": 1704884873812,
  "ext/controller/Generatepdf-dbg.js": 1704884592892,
  "ext/controller/Generatepdf.js.map": 1704884873865,
  "ext/controller/GenPDF-dbg.js": 1697705105725,
  "ext/controller/GenPDF.js.map": 1704884873870,
  "ext/controller/Draftattachment-dbg.js": 1704529833406,
  "ext/controller/Draftattachment.js.map": 1704884873921,
  "ext/controller/AddQuestion-dbg.js": 1704783066604,
  "ext/controller/AddQuestion.js.map": 1704884873943,
  "ext/controller/AddDetails-dbg.js": 1704783069308,
  "ext/controller/AddDetails.js.map": 1704884873931,
  "test/testsuite.qunit-dbg.js": 1693811245000,
  "test/testsuite.qunit.js.map": 1704884873931,
  "Component-dbg.js": 1694664114179,
  "Component.js.map": 1704884873937,
  "Component-preload.js": 1704884874321,
  "Component-preload.js.map": 1704884874322,
  "test/integration/opaTests.qunit.html": 1693811245000,
  "ext/fragment/Source_events.fragment.xml": 1695193830933,
  "ext/fragment/Draftattachment.fragment.xml": 1704609136581,
  "ext/fragment/CustomView.fragment.xml": 1695201790899,
  "test/testsuite.qunit.html": 1693811245000,
  "test/flpSandbox.html": 1693811245000,
  "localService/metadata.xml": 1693811245000,
  "css/hide.css": 1704792362752,
  "i18n/i18n.properties": 1694676190813
}